year,month,actual_maize,pred_maize_RF,error_maize,actual_beans,pred_beans_RF,error_beans
2013,3,1000.0,927.8,72.2,2580.0,2453.1,126.9
2011,2,715.1,715.6,-0.5,2412.1,2127.2,284.9
2013,8,650.0,691.2,-41.2,2283.2,2034.8,248.5
2025,7,1270.0,1375.5,-105.5,2814.2,2958.9,-144.8
2026,6,1479.9,1405.8,74.1,2985.8,3445.6,-459.8
2017,6,1306.2,1179.3,126.8,2705.0,2647.1,57.9
2011,7,904.5,822.6,81.9,1500.0,1798.1,-298.1
2021,8,884.8,923.6,-38.8,2308.6,2338.7,-30.1
2016,10,1200.0,1259.2,-59.2,2500.0,2547.2,-47.2
2014,5,888.2,892.6,-4.4,2177.9,2143.9,34.0
